image,item,present,x1,y1,x2,y2,box_w,box_h,score,location
小红书参考10.jpg,身份证,FALSE,,,,,,,,
小红书参考10.jpg,手机,FALSE,,,,,,,,
小红书参考10.jpg,充电器,FALSE,,,,,,,,
小红书参考10.jpg,充电宝,FALSE,,,,,,,,
小红书参考10.jpg,耳机,TRUE,317,1390,559,1584,242,194,0.403,画面下左角
小红书参考10.jpg,相机,FALSE,,,,,,,,
小红书参考10.jpg,钱包/现金,TRUE,574,601,826,870,252,269,0.434,画面中央
小红书参考10.jpg,银行卡,FALSE,,,,,,,,
小红书参考10.jpg,钥匙,FALSE,,,,,,,,
小红书参考10.jpg,衣物,FALSE,,,,,,,,
小红书参考10.jpg,内衣袜,FALSE,,,,,,,,
小红书参考10.jpg,洗漱用品,FALSE,,,,,,,,
小红书参考10.jpg,护肤品,FALSE,,,,,,,,
小红书参考10.jpg,防晒,FALSE,,,,,,,,
小红书参考10.jpg,常用药品,TRUE,5,382,1433,1858,1428,1476,0.37,整张画面
小红书参考10.jpg,口罩,FALSE,,,,,,,,
小红书参考10.jpg,湿巾,TRUE,580,674,1429,1633,849,959,0.354,画面右侧
小红书参考10.jpg,雨伞,FALSE,,,,,,,,
小红书参考10.jpg,水杯,FALSE,,,,,,,,
小红书参考10.jpg,转换插头,TRUE,1014,1712,1145,1878,131,166,0.316,画面下右角
小红书参考10.jpg,护照(出境),TRUE,2,721,397,1147,395,426,0.305,画面左侧
小红书参考10.jpg,门票/订单,FALSE,,,,,,,,
小红书参考10.jpg,零食,TRUE,234,869,609,1212,375,343,0.327,画面左侧
小红书参考12.jpg,身份证,FALSE,,,,,,,,
小红书参考12.jpg,手机,FALSE,,,,,,,,
小红书参考12.jpg,充电器,TRUE,466,645,629,1019,163,374,0.497,画面中央
小红书参考12.jpg,充电宝,FALSE,,,,,,,,
小红书参考12.jpg,耳机,FALSE,,,,,,,,
小红书参考12.jpg,相机,FALSE,,,,,,,,
小红书参考12.jpg,钱包/现金,TRUE,322,1116,463,1357,141,241,0.321,画面下方
小红书参考12.jpg,银行卡,FALSE,,,,,,,,
小红书参考12.jpg,钥匙,TRUE,549,1124,606,1299,57,175,0.311,画面下方
小红书参考12.jpg,衣物,TRUE,172,89,938,609,766,520,0.323,画面上方
小红书参考12.jpg,内衣袜,FALSE,,,,,,,,
小红书参考12.jpg,洗漱用品,TRUE,765,703,806,816,41,113,0.371,画面右侧
小红书参考12.jpg,护肤品,TRUE,758,934,1009,1354,251,420,0.478,画面下右角
小红书参考12.jpg,防晒,FALSE,,,,,,,,
小红书参考12.jpg,常用药品,TRUE,10,37,1047,1404,1037,1367,0.349,整张画面
小红书参考12.jpg,口罩,FALSE,,,,,,,,
小红书参考12.jpg,湿巾,TRUE,523,1098,608,1301,85,203,0.524,画面下方
小红书参考12.jpg,雨伞,FALSE,,,,,,,,
小红书参考12.jpg,水杯,TRUE,359,886,471,1118,112,232,0.356,画面下方
小红书参考12.jpg,转换插头,FALSE,,,,,,,,
小红书参考12.jpg,护照(出境),TRUE,446,1027,624,1335,178,308,0.344,画面下方
小红书参考12.jpg,门票/订单,FALSE,,,,,,,,
小红书参考12.jpg,零食,FALSE,,,,,,,,
小红书参考13.jpg,身份证,FALSE,,,,,,,,
小红书参考13.jpg,手机,FALSE,,,,,,,,
小红书参考13.jpg,充电器,TRUE,905,1008,1083,1092,178,84,0.318,画面下右角
小红书参考13.jpg,充电宝,FALSE,,,,,,,,
小红书参考13.jpg,耳机,FALSE,,,,,,,,
小红书参考13.jpg,相机,FALSE,,,,,,,,
小红书参考13.jpg,钱包/现金,FALSE,,,,,,,,
小红书参考13.jpg,银行卡,TRUE,891,204,963,316,72,112,0.308,画面上右角
小红书参考13.jpg,钥匙,FALSE,,,,,,,,
小红书参考13.jpg,衣物,FALSE,,,,,,,,
小红书参考13.jpg,内衣袜,FALSE,,,,,,,,
小红书参考13.jpg,洗漱用品,TRUE,738,615,779,704,41,89,0.387,画面中央
小红书参考13.jpg,护肤品,TRUE,176,764,280,955,104,191,0.304,画面左侧
小红书参考13.jpg,防晒,FALSE,,,,,,,,
小红书参考13.jpg,常用药品,FALSE,,,,,,,,
小红书参考13.jpg,口罩,TRUE,517,607,639,728,122,121,0.531,画面中央
小红书参考13.jpg,湿巾,FALSE,,,,,,,,
小红书参考13.jpg,雨伞,FALSE,,,,,,,,
小红书参考13.jpg,水杯,TRUE,176,764,281,955,105,191,0.418,画面左侧
小红书参考13.jpg,转换插头,FALSE,,,,,,,,
小红书参考13.jpg,护照(出境),FALSE,,,,,,,,
小红书参考13.jpg,门票/订单,FALSE,,,,,,,,
小红书参考13.jpg,零食,FALSE,,,,,,,,
小红书参考14.jpg,身份证,FALSE,,,,,,,,
小红书参考14.jpg,手机,FALSE,,,,,,,,
小红书参考14.jpg,充电器,FALSE,,,,,,,,
小红书参考14.jpg,充电宝,FALSE,,,,,,,,
小红书参考14.jpg,耳机,FALSE,,,,,,,,
小红书参考14.jpg,相机,FALSE,,,,,,,,
小红书参考14.jpg,钱包/现金,TRUE,683,1249,943,1692,260,443,0.365,画面下方
小红书参考14.jpg,银行卡,TRUE,1051,1421,1165,1688,114,267,0.387,画面下右角
小红书参考14.jpg,钥匙,FALSE,,,,,,,,
小红书参考14.jpg,衣物,FALSE,,,,,,,,
小红书参考14.jpg,内衣袜,FALSE,,,,,,,,
小红书参考14.jpg,洗漱用品,FALSE,,,,,,,,
小红书参考14.jpg,护肤品,FALSE,,,,,,,,
小红书参考14.jpg,防晒,FALSE,,,,,,,,
小红书参考14.jpg,常用药品,TRUE,284,108,634,392,350,284,0.332,画面上左角
小红书参考14.jpg,口罩,FALSE,,,,,,,,
小红书参考14.jpg,湿巾,TRUE,1008,1159,1181,1413,173,254,0.321,画面下右角
小红书参考14.jpg,雨伞,FALSE,,,,,,,,
小红书参考14.jpg,水杯,TRUE,1148,1192,1326,1315,178,123,0.449,画面右侧
小红书参考14.jpg,转换插头,TRUE,1011,28,1147,90,136,62,0.337,画面上右角
小红书参考14.jpg,护照(出境),FALSE,,,,,,,,
小红书参考14.jpg,门票/订单,FALSE,,,,,,,,
小红书参考14.jpg,零食,FALSE,,,,,,,,
小红书参考15.jpg,身份证,FALSE,,,,,,,,
小红书参考15.jpg,手机,TRUE,875,1263,1095,1406,220,143,0.363,画面下右角
小红书参考15.jpg,充电器,FALSE,,,,,,,,
小红书参考15.jpg,充电宝,FALSE,,,,,,,,
小红书参考15.jpg,耳机,TRUE,1039,1420,1191,1533,152,113,0.461,画面下右角
小红书参考15.jpg,相机,TRUE,613,1308,837,1557,224,249,0.436,画面下方
小红书参考15.jpg,钱包/现金,FALSE,,,,,,,,
小红书参考15.jpg,银行卡,TRUE,1151,1049,1436,1277,285,228,0.322,画面右侧
小红书参考15.jpg,钥匙,FALSE,,,,,,,,
小红书参考15.jpg,衣物,FALSE,,,,,,,,
小红书参考15.jpg,内衣袜,FALSE,,,,,,,,
小红书参考15.jpg,洗漱用品,FALSE,,,,,,,,
小红书参考15.jpg,护肤品,TRUE,486,1404,767,1624,281,220,0.365,画面下方
小红书参考15.jpg,防晒,FALSE,,,,,,,,
小红书参考15.jpg,常用药品,TRUE,873,1262,1096,1407,223,145,0.416,画面下右角
小红书参考15.jpg,口罩,TRUE,636,686,845,816,209,130,0.356,画面中央
小红书参考15.jpg,湿巾,FALSE,,,,,,,,
小红书参考15.jpg,雨伞,FALSE,,,,,,,,
小红书参考15.jpg,水杯,TRUE,486,1403,768,1625,282,222,0.543,画面下方
小红书参考15.jpg,转换插头,FALSE,,,,,,,,
小红书参考15.jpg,护照(出境),FALSE,,,,,,,,
小红书参考15.jpg,门票/订单,FALSE,,,,,,,,
小红书参考15.jpg,零食,FALSE,,,,,,,,
小红书参考5.jpg,身份证,FALSE,,,,,,,,
小红书参考5.jpg,手机,FALSE,,,,,,,,
小红书参考5.jpg,充电器,TRUE,122,154,565,358,443,204,0.311,画面上左角
小红书参考5.jpg,充电宝,FALSE,,,,,,,,
小红书参考5.jpg,耳机,FALSE,,,,,,,,
小红书参考5.jpg,相机,FALSE,,,,,,,,
小红书参考5.jpg,钱包/现金,FALSE,,,,,,,,
小红书参考5.jpg,银行卡,TRUE,125,965,619,1466,494,501,0.391,画面下左角
小红书参考5.jpg,钥匙,TRUE,407,78,1027,262,620,184,0.428,画面上方
小红书参考5.jpg,衣物,FALSE,,,,,,,,
小红书参考5.jpg,内衣袜,FALSE,,,,,,,,
小红书参考5.jpg,洗漱用品,FALSE,,,,,,,,
小红书参考5.jpg,护肤品,FALSE,,,,,,,,
小红书参考5.jpg,防晒,FALSE,,,,,,,,
小红书参考5.jpg,常用药品,FALSE,,,,,,,,
小红书参考5.jpg,口罩,FALSE,,,,,,,,
小红书参考5.jpg,湿巾,FALSE,,,,,,,,
小红书参考5.jpg,雨伞,FALSE,,,,,,,,
小红书参考5.jpg,水杯,FALSE,,,,,,,,
小红书参考5.jpg,转换插头,FALSE,,,,,,,,
小红书参考5.jpg,护照(出境),FALSE,,,,,,,,
小红书参考5.jpg,门票/订单,FALSE,,,,,,,,
小红书参考5.jpg,零食,FALSE,,,,,,,,
小红书参考6.jpg,身份证,FALSE,,,,,,,,
小红书参考6.jpg,手机,TRUE,814,1451,997,1667,183,216,0.734,画面下方
小红书参考6.jpg,充电器,FALSE,,,,,,,,
小红书参考6.jpg,充电宝,FALSE,,,,,,,,
小红书参考6.jpg,耳机,TRUE,1026,1199,1231,1358,205,159,0.447,画面右侧
小红书参考6.jpg,相机,FALSE,,,,,,,,
小红书参考6.jpg,钱包/现金,TRUE,1231,1395,1401,1587,170,192,0.403,画面下右角
小红书参考6.jpg,银行卡,TRUE,531,861,614,962,83,101,0.375,画面中央
小红书参考6.jpg,钥匙,TRUE,1019,1521,1341,1626,322,105,0.384,画面下右角
小红书参考6.jpg,衣物,TRUE,779,569,1433,936,654,367,0.323,画面右侧
小红书参考6.jpg,内衣袜,FALSE,,,,,,,,
小红书参考6.jpg,洗漱用品,FALSE,,,,,,,,
小红书参考6.jpg,护肤品,TRUE,915,1299,1028,1419,113,120,0.362,画面下右角
小红书参考6.jpg,防晒,FALSE,,,,,,,,
小红书参考6.jpg,常用药品,TRUE,259,495,722,919,463,424,0.677,画面中央
小红书参考6.jpg,口罩,FALSE,,,,,,,,
小红书参考6.jpg,湿巾,FALSE,,,,,,,,
小红书参考6.jpg,雨伞,FALSE,,,,,,,,
小红书参考6.jpg,水杯,TRUE,347,1217,592,1482,245,265,0.54,画面下左角
小红书参考6.jpg,转换插头,TRUE,732,1403,872,1671,140,268,0.546,画面下方
小红书参考6.jpg,护照(出境),FALSE,,,,,,,,
小红书参考6.jpg,门票/订单,FALSE,,,,,,,,
小红书参考6.jpg,零食,FALSE,,,,,,,,
小红书参考7.jpg,身份证,TRUE,322,291,383,374,61,83,0.356,画面上左角
小红书参考7.jpg,手机,TRUE,915,597,1040,729,125,132,0.746,画面右侧
小红书参考7.jpg,充电器,TRUE,231,436,439,644,208,208,0.446,画面左侧
小红书参考7.jpg,充电宝,FALSE,,,,,,,,
小红书参考7.jpg,耳机,TRUE,913,531,1133,731,220,200,0.425,画面右侧
小红书参考7.jpg,相机,FALSE,,,,,,,,
小红书参考7.jpg,钱包/现金,TRUE,19,932,389,1177,370,245,0.433,画面下左角
小红书参考7.jpg,银行卡,FALSE,,,,,,,,
小红书参考7.jpg,钥匙,TRUE,539,783,804,876,265,93,0.394,画面中央
小红书参考7.jpg,衣物,FALSE,,,,,,,,
小红书参考7.jpg,内衣袜,TRUE,470,416,909,743,439,327,0.317,画面中央
小红书参考7.jpg,洗漱用品,FALSE,,,,,,,,
小红书参考7.jpg,护肤品,TRUE,882,753,1111,855,229,102,0.315,画面右侧
小红书参考7.jpg,防晒,FALSE,,,,,,,,
小红书参考7.jpg,常用药品,TRUE,61,434,226,579,165,145,0.659,画面左侧
小红书参考7.jpg,口罩,TRUE,598,478,789,697,191,219,0.49,画面中央
小红书参考7.jpg,湿巾,TRUE,547,914,783,1099,236,185,0.492,画面下方
小红书参考7.jpg,雨伞,FALSE,,,,,,,,
小红书参考7.jpg,水杯,TRUE,882,753,1110,855,228,102,0.538,画面右侧
小红书参考7.jpg,转换插头,TRUE,880,856,1125,1193,245,337,0.319,画面下右角
小红书参考7.jpg,护照(出境),FALSE,,,,,,,,
小红书参考7.jpg,门票/订单,FALSE,,,,,,,,
小红书参考7.jpg,零食,TRUE,24,88,1159,1202,1135,1114,0.367,整张画面
小红书参考8.jpg,身份证,FALSE,,,,,,,,
小红书参考8.jpg,手机,FALSE,,,,,,,,
小红书参考8.jpg,充电器,FALSE,,,,,,,,
小红书参考8.jpg,充电宝,FALSE,,,,,,,,
小红书参考8.jpg,耳机,TRUE,935,1051,1152,1299,217,248,0.371,画面右侧
小红书参考8.jpg,相机,FALSE,,,,,,,,
小红书参考8.jpg,钱包/现金,TRUE,975,990,1239,1198,264,208,0.475,画面右侧
小红书参考8.jpg,银行卡,FALSE,,,,,,,,
小红书参考8.jpg,钥匙,FALSE,,,,,,,,
小红书参考8.jpg,衣物,FALSE,,,,,,,,
小红书参考8.jpg,内衣袜,FALSE,,,,,,,,
小红书参考8.jpg,洗漱用品,FALSE,,,,,,,,
小红书参考8.jpg,护肤品,FALSE,,,,,,,,
小红书参考8.jpg,防晒,FALSE,,,,,,,,
小红书参考8.jpg,常用药品,TRUE,1031,488,1280,694,249,206,0.448,画面上右角
小红书参考8.jpg,口罩,TRUE,205,712,394,952,189,240,0.304,画面左侧
小红书参考8.jpg,湿巾,FALSE,,,,,,,,
小红书参考8.jpg,雨伞,FALSE,,,,,,,,
小红书参考8.jpg,水杯,TRUE,769,520,1013,613,244,93,0.374,画面上方
小红书参考8.jpg,转换插头,TRUE,3,386,365,769,362,383,0.349,画面上左角
小红书参考8.jpg,护照(出境),FALSE,,,,,,,,
小红书参考8.jpg,门票/订单,FALSE,,,,,,,,
小红书参考8.jpg,零食,FALSE,,,,,,,,
小红书参考9.jpg,身份证,FALSE,,,,,,,,
小红书参考9.jpg,手机,FALSE,,,,,,,,
小红书参考9.jpg,充电器,FALSE,,,,,,,,
小红书参考9.jpg,充电宝,FALSE,,,,,,,,
小红书参考9.jpg,耳机,FALSE,,,,,,,,
小红书参考9.jpg,相机,FALSE,,,,,,,,
小红书参考9.jpg,钱包/现金,FALSE,,,,,,,,
小红书参考9.jpg,银行卡,FALSE,,,,,,,,
小红书参考9.jpg,钥匙,FALSE,,,,,,,,
小红书参考9.jpg,衣物,FALSE,,,,,,,,
小红书参考9.jpg,内衣袜,FALSE,,,,,,,,
小红书参考9.jpg,洗漱用品,TRUE,191,852,513,1076,322,224,0.344,画面左侧
小红书参考9.jpg,护肤品,TRUE,190,852,513,1077,323,225,0.301,画面左侧
小红书参考9.jpg,防晒,FALSE,,,,,,,,
小红书参考9.jpg,常用药品,FALSE,,,,,,,,
小红书参考9.jpg,口罩,FALSE,,,,,,,,
小红书参考9.jpg,湿巾,TRUE,710,98,1169,541,459,443,0.322,画面上方
小红书参考9.jpg,雨伞,FALSE,,,,,,,,
小红书参考9.jpg,水杯,FALSE,,,,,,,,
小红书参考9.jpg,转换插头,FALSE,,,,,,,,
小红书参考9.jpg,护照(出境),FALSE,,,,,,,,
小红书参考9.jpg,门票/订单,FALSE,,,,,,,,
小红书参考9.jpg,零食,FALSE,,,,,,,,
行李模拟照片.jpg,身份证,FALSE,,,,,,,,
行李模拟照片.jpg,手机,TRUE,544,952,843,1145,299,193,0.697,画面中央
行李模拟照片.jpg,充电器,FALSE,,,,,,,,
行李模拟照片.jpg,充电宝,FALSE,,,,,,,,
行李模拟照片.jpg,耳机,FALSE,,,,,,,,
行李模拟照片.jpg,相机,FALSE,,,,,,,,
行李模拟照片.jpg,钱包/现金,FALSE,,,,,,,,
行李模拟照片.jpg,银行卡,TRUE,484,1122,803,1334,319,212,0.436,画面下方
行李模拟照片.jpg,钥匙,FALSE,,,,,,,,
行李模拟照片.jpg,衣物,TRUE,15,34,1028,1036,1013,1002,0.398,画面上方
行李模拟照片.jpg,内衣袜,FALSE,,,,,,,,
行李模拟照片.jpg,洗漱用品,FALSE,,,,,,,,
行李模拟照片.jpg,护肤品,FALSE,,,,,,,,
行李模拟照片.jpg,防晒,TRUE,725,1008,818,1104,93,96,0.372,画面中央
行李模拟照片.jpg,常用药品,TRUE,166,1293,444,1480,278,187,0.334,画面下左角
行李模拟照片.jpg,口罩,FALSE,,,,,,,,
行李模拟照片.jpg,湿巾,FALSE,,,,,,,,
行李模拟照片.jpg,雨伞,FALSE,,,,,,,,
行李模拟照片.jpg,水杯,FALSE,,,,,,,,
行李模拟照片.jpg,转换插头,TRUE,535,1288,722,1494,187,206,0.367,画面下方
行李模拟照片.jpg,护照(出境),FALSE,,,,,,,,
行李模拟照片.jpg,门票/订单,FALSE,,,,,,,,
行李模拟照片.jpg,零食,FALSE,,,,,,,,
