image,box_id,raw_name,canonical_name,category,bbox_xyxy
小红书参考12.jpg,1,衣物,衣物,衣物鞋帽,"[0.1567, 0.0507, 0.8846, 0.4264]"
小红书参考12.jpg,2,鞋子,鞋子,衣物鞋帽,"[0.0968, 0.4577, 0.331, 0.7014]"
小红书参考12.jpg,3,收纳包,包袋,收纳包袋,"[0.0496, 0.7083, 0.3128, 0.8485]"
小红书参考12.jpg,4,常用药品,常用药品,健康医药,"[0.0333, 0.8417, 0.2783, 0.9329]"
小红书参考12.jpg,5,排插,充电器,电子设备,"[0.3673, 0.4523, 0.4962, 0.6279]"
小红书参考12.jpg,6,水杯,水杯,饮食雨具,"[0.3364, 0.6157, 0.4272, 0.7668]"
小红书参考12.jpg,7,纸巾,湿巾,健康医药,"[0.3146, 0.7695, 0.4181, 0.9451]"
小红书参考12.jpg,8,灯,便携电器,电子设备,"[0.478, 0.455, 0.5851, 0.6906]"
小红书参考12.jpg,9,护肤品,护肤品,洗漱护肤,"[0.6178, 0.4618, 0.881, 0.5844]"
小红书参考12.jpg,10,毛巾,洗漱用品,洗漱护肤,"[0.5996, 0.5912, 0.8991, 0.7028]"
小红书参考12.jpg,11,本子,娱乐用品,其他,"[0.4344, 0.7042, 0.5706, 0.9206]"
小红书参考12.jpg,12,洗衣液,洗漱用品,洗漱护肤,"[0.7067, 0.6552, 0.9355, 0.9343]"
小红书参考13.jpg,1,衣物,衣物,衣物鞋帽,"[0.1133, 0.0588, 0.4188, 0.4128]"
小红书参考13.jpg,2,书包,包袋,收纳包袋,"[0.6755, 0.4577, 0.9597, 0.7232]"
小红书参考13.jpg,3,玩具,娱乐用品,其他,"[0.4815, 0.2372, 0.7702, 0.406]"
小红书参考13.jpg,4,常用药品,常用药品,健康医药,"[0.5365, 0.5803, 0.6847, 0.7668]"
小红书参考13.jpg,5,衣物,衣物,衣物鞋帽,"[0.0185, 0.7123, 0.318, 0.9179]"
小红书参考13.jpg,6,收纳包,包袋,收纳包袋,"[0.4463, 0.0534, 0.7641, 0.1487]"
小红书参考13.jpg,7,一次性床品,洗漱用品,洗漱护肤,"[0.4662, 0.1555, 0.7443, 0.2358]"
小红书参考13.jpg,8,颈枕,包袋,收纳包袋,"[0.098, 0.4523, 0.3913, 0.5449]"
小红书参考13.jpg,9,清洁用品,洗漱用品,洗漱护肤,"[0.0476, 0.583, 0.3119, 0.6919]"
小红书参考13.jpg,10,面膜,护肤品,洗漱护肤,"[0.3806, 0.6497, 0.5411, 0.7464]"
小红书参考13.jpg,11,收纳包,包袋,收纳包袋,"[0.3684, 0.7668, 0.648, 0.9275]"
小红书参考13.jpg,12,零食,零食,饮食雨具,"[0.7122, 0.7968, 0.946, 0.9343]"
小红书参考14.jpg,1,拖鞋,鞋子,衣物鞋帽,"[0.6868, 0.0711, 0.8138, 0.3039]"
小红书参考14.jpg,2,风扇,便携电器,电子设备,"[0.8574, 0.3039, 0.9318, 0.4387]"
小红书参考14.jpg,3,水杯,水杯,饮食雨具,"[0.478, 0.3965, 0.8138, 0.44]"
小红书参考14.jpg,4,面膜,护肤品,洗漱护肤,"[0.2148, 0.067, 0.4326, 0.2059]"
小红书参考14.jpg,5,收纳包,包袋,收纳包袋,"[0.1077, 0.2181, 0.4363, 0.4292]"
小红书参考14.jpg,6,玩偶,娱乐用品,其他,"[0.4689, 0.3025, 0.7122, 0.3883]"
小红书参考14.jpg,7,收纳包,包袋,收纳包袋,"[0.4508, 0.0697, 0.6777, 0.2944]"
小红书参考14.jpg,8,衣物,衣物,衣物鞋帽,"[0.0569, 0.549, 0.4798, 0.7668]"
小红书参考14.jpg,9,收纳包,包袋,收纳包袋,"[0.0532, 0.7654, 0.4816, 0.9424]"
小红书参考15.jpg,1,雨伞,雨伞,饮食雨具,"[0.3328, 0.7355, 0.5016, 0.8335]"
小红书参考15.jpg,2,相机,相机,电子设备,"[0.4363, 0.6878, 0.6777, 0.8117]"
小红书参考15.jpg,3,充电宝,充电宝,电子设备,"[0.6087, 0.6429, 0.7612, 0.726]"
小红书参考15.jpg,4,口罩,口罩,健康医药,"[0.8175, 0.5476, 0.9881, 0.6592]"
小红书参考15.jpg,5,常用药品,常用药品,健康医药,"[0.7721, 0.6538, 0.8991, 0.7205]"
小红书参考15.jpg,6,衣物,衣物,衣物鞋帽,"[0.0042, 0.3025, 0.9881, 0.8131]"
小红书参考5.jpg,1,梳子,梳妆饰品,洗漱护肤,"[0.3456, 0.0588, 0.8208, 0.146]"
小红书参考5.jpg,2,收纳包,包袋,收纳包袋,"[0.0881, 0.1691, 0.5596, 0.5476]"
小红书参考5.jpg,3,卫生巾,卫生用品,健康医药,"[0.1243, 0.5694, 0.8589, 0.8145]"
小红书参考6.jpg,1,收纳包,包袋,收纳包袋,"[0.5978, 0.1936, 0.8574, 0.3121]"
小红书参考6.jpg,2,衣物,衣物,衣物鞋帽,"[0.5561, 0.323, 0.9754, 0.47]"
小红书参考6.jpg,3,衣物,衣物,衣物鞋帽,"[0.0278, 0.7954, 0.4835, 0.9533]"
小红书参考6.jpg,4,收纳包,包袋,收纳包袋,"[0.026, 0.6688, 0.3854, 0.7627]"
小红书参考6.jpg,5,书包,包袋,收纳包袋,"[0.0097, 0.1637, 0.1948, 0.3066]"
小红书参考6.jpg,6,伞,雨伞,饮食雨具,"[0.0042, 0.3107, 0.1894, 0.3461]"
小红书参考6.jpg,7,充电线,充电器,电子设备,"[0.7231, 0.6143, 0.8465, 0.7069]"
小红书参考6.jpg,8,梳子,梳妆饰品,洗漱护肤,"[0.6269, 0.6661, 0.7104, 0.7355]"
小红书参考6.jpg,9,发夹,梳妆饰品,洗漱护肤,"[0.7285, 0.711, 0.8483, 0.7981]"
小红书参考6.jpg,10,充电宝,充电宝,电子设备,"[0.8574, 0.6266, 0.9863, 0.7232]"
小红书参考6.jpg,11,电子产品,便携电器,电子设备,"[0.5415, 0.7273, 0.7866, 0.8594]"
小红书参考6.jpg,12,常用药品,常用药品,健康医药,"[0.8084, 0.8471, 0.979, 0.9669]"
小红书参考7.jpg,1,收纳包,包袋,收纳包袋,"[0.0463, 0.0861, 0.6143, 0.3257]"
小红书参考7.jpg,2,帽子,帽子,衣物鞋帽,"[0.7499, 0.1392, 0.9237, 0.4509]"
小红书参考7.jpg,3,充电宝,充电宝,电子设备,"[0.7626, 0.4754, 0.8799, 0.5884]"
小红书参考7.jpg,4,水杯,水杯,饮食雨具,"[0.7231, 0.6116, 0.9336, 0.6769]"
小红书参考7.jpg,5,梳子,梳妆饰品,洗漱护肤,"[0.4419, 0.6211, 0.668, 0.7001]"
小红书参考7.jpg,6,常用药品,常用药品,健康医药,"[0.449, 0.7287, 0.6454, 0.8703]"
小红书参考7.jpg,7,收纳包,包袋,收纳包袋,"[0.7513, 0.7001, 0.9279, 0.9479]"
小红书参考7.jpg,8,发圈,梳妆饰品,洗漱护肤,"[0.1565, 0.5285, 0.3882, 0.711]"
小红书参考7.jpg,9,相机,相机,电子设备,"[0.2059, 0.357, 0.3628, 0.5136]"
小红书参考7.jpg,10,眼镜盒,梳妆饰品,洗漱护肤,"[0.0209, 0.4891, 0.1466, 0.7137]"
小红书参考7.jpg,11,包,包袋,收纳包袋,"[0.0209, 0.7423, 0.326, 0.9451]"
小红书参考8.jpg,1,玩偶,娱乐用品,其他,"[0.1328, 0.3584, 0.2818, 0.4945]"
小红书参考8.jpg,2,收纳包,包袋,收纳包袋,"[0.0111, 0.2454, 0.3599, 0.5095]"
小红书参考8.jpg,3,鞋子,鞋子,衣物鞋帽,"[0.051, 0.5163, 0.4053, 0.7614]"
小红书参考8.jpg,4,发夹,梳妆饰品,洗漱护肤,"[0.6179, 0.4087, 0.6905, 0.4673]"
小红书参考8.jpg,5,常用药品,常用药品,健康医药,"[0.7305, 0.2671, 0.8795, 0.3488]"
小红书参考8.jpg,6,化妆包,包袋,收纳包袋,"[0.4634, 0.274, 0.6978, 0.3924]"
小红书参考8.jpg,7,收纳包,包袋,收纳包袋,"[0.4634, 0.3938, 0.8759, 0.7069]"
小红书参考9.jpg,1,梳子,梳妆饰品,洗漱护肤,"[0.4943, 0.214, 0.6668, 0.2848]"
小红书参考9.jpg,2,面膜,护肤品,洗漱护肤,"[0.5379, 0.5367, 0.8538, 0.7382]"
小红书参考9.jpg,3,常用药品,常用药品,健康医药,"[0.1549, 0.0656, 0.8683, 0.7477]"
小红书参考9.jpg,4,书包,包袋,收纳包袋,"[0.7231, 0.6974, 0.9845, 0.986]"
行李模拟照片.jpg,1,伞,雨伞,饮食雨具,"[0.0078, 0.0534, 0.7666, 0.101]"
行李模拟照片.jpg,2,衣物,衣物,衣物鞋帽,"[0.0387, 0.1364, 0.7594, 0.5422]"
行李模拟照片.jpg,3,相机,相机,电子设备,"[0.409, 0.5599, 0.6432, 0.662]"
行李模拟照片.jpg,4,身份证,证件,证件钱财,"[0.3836, 0.6701, 0.6105, 0.7886]"
行李模拟照片.jpg,5,充电宝,充电宝,电子设备,"[0.1531, 0.7736, 0.5688, 0.8716]"
行李模拟照片.jpg,6,风扇,便携电器,电子设备,"[0.2003, 0.8798, 0.5488, 0.9792]"
