canonical_name,category,english,框数,present_次数,覆盖图片数,覆盖率,aliases
包袋,收纳包袋,backpack,19,8,8,8/11,收纳包、书包、双肩包、背包、行李箱、拉杆箱、手提包、手提袋、收纳袋、整理袋、洗漱收纳袋、化妆包、颈枕、腰包、斜挎包、包
常用药品,健康医药,medicine box,7,7,7,7/11,药品、药、药盒、药包、创可贴、感冒药、消炎药、肠胃药、晕车药
衣物,衣物鞋帽,clothes,8,6,6,6/11,衣服、上衣、裤子、T恤、外套、裙子、短袖、衬衫、羽绒服
梳妆饰品,洗漱护肤,hair brush,8,5,5,5/11,梳子、发夹、发圈、发绳、皮筋、发箍、眼镜、眼镜盒、饰品、化妆刷、化妆包、化妆品
充电宝,电子设备,power bank,4,4,4,4/11,移动电源、电池
便携电器,电子设备,fan electronics,4,4,4,4/11,风扇、小风扇、手持风扇、灯、台灯、小夜灯、电子产品、平板、电脑、电子书、阅读器
护肤品,洗漱护肤,skincare product,4,4,4,4/11,护肤、面膜、乳液、面霜、精华、水乳、眼霜
娱乐用品,其他,book toy,4,4,4,4/11,本子、笔记本、书、玩具、玩偶、娃娃、公仔、扑克牌
相机,电子设备,camera,3,3,3,3/11,单反、微单、数码相机、相机包、云台
鞋子,衣物鞋帽,shoes,3,3,3,3/11,鞋、拖鞋、运动鞋、凉鞋、球鞋、布鞋、靴子
水杯,饮食雨具,water bottle,3,3,3,3/11,水壶、保温杯、杯子、水瓶
雨伞,饮食雨具,umbrella,3,3,3,3/11,伞、折叠伞、阳伞、遮阳伞、雨衣
洗漱用品,洗漱护肤,toiletry bottle,4,2,2,2/11,洗漱包、洗护包、牙刷、牙膏、毛巾、浴巾、洗发水、沐浴露、洗衣液、清洁用品、一次性床品、一次性用品、洗面奶
充电器,电子设备,phone charger,2,2,2,2/11,充电线、数据线、充电头、电源线、排插、插线板、插座、插头、转换插头、转换插口、电源适配器
证件,证件钱财,ID card passport,1,1,1,1/11,身份证、护照、驾照、驾驶证、身份证件、通行证、证件包、证件袋、护照(出境)
帽子,衣物鞋帽,hat,1,1,1,1/11,遮阳帽、鸭舌帽、棒球帽、渔夫帽、毛线帽
口罩,健康医药,face mask,1,1,1,1/11,医用口罩、N95、一次性口罩
湿巾,健康医药,wet wipes,1,1,1,1/11,纸巾、湿纸巾、抽纸、面巾纸、纸巾盒、消毒湿巾
卫生用品,健康医药,sanitary pad,1,1,1,1/11,卫生巾、卫生棉、护垫、棉签、棉片、创口贴
零食,饮食雨具,snacks,1,1,1,1/11,吃的、小吃、食品、干粮、糖果、巧克力
钱包/现金,证件钱财,wallet,0,0,0,0/11,钱包、现金、零钱、钞票、卡包
银行卡,证件钱财,bank card,0,0,0,0/11,信用卡、储蓄卡、借记卡
门票/订单,证件钱财,ticket,0,0,0,0/11,门票、订单、车票、机票、行程单、票据、凭证、门票订单
手机,电子设备,cell phone,0,0,0,0/11,电话、智能手机、移动电话
耳机,电子设备,earphones,0,0,0,0/11,蓝牙耳机、无线耳机、耳塞、耳机盒
内衣袜,衣物鞋帽,underwear,0,0,0,0/11,内衣、内裤、袜子、文胸、丝袜、内衣裤
防晒,洗漱护肤,sunscreen,0,0,0,0/11,防晒霜、防晒喷雾、防晒乳
钥匙,其他,keys,0,0,0,0/11,门钥匙、车钥匙、钥匙串、钥匙扣
