image,scenario,证件,钱包/现金,银行卡,门票/订单,手机,充电器,充电宝,耳机,相机,便携电器,衣物,内衣袜,鞋子,帽子,洗漱用品,护肤品,防晒,梳妆饰品,常用药品,口罩,湿巾,卫生用品,包袋,钥匙,娱乐用品,水杯,零食,雨伞,书本,笔记本作业本,文具,文件资料,present_count
小红书参考10.jpg,travel,画面中央,,,,,,,,,,画面中央,,,画面左侧,,,,画面左侧,,,,,画面右侧,,画面上方,,,,,,,,6
小红书参考12.jpg,travel,,,,,,画面中央,,,,画面中央,画面上方,,画面左侧,,画面右侧,画面右侧,,,画面下左角,,画面下方,,画面下左角,,,画面下方,,,,,,,10
小红书参考13.jpg,travel,,,,,,,,,,,画面上左角,,,,画面上方,画面下方,,,画面下方,,,,画面右侧,,画面上方,,画面下右角,,,,,,7
小红书参考14.jpg,travel,,,,,,,,,,画面右侧,画面左侧,,画面上右角,,,画面上左角,,,,,,,画面上左角,,画面中央,画面中央,,,,,,,7
小红书参考15.jpg,travel,,,,,,,画面下右角,,画面下方,,画面中央,,,,,,,,画面下右角,画面右侧,,,,,,,,画面下方,,,,,6
小红书参考5.jpg,travel,,,,,,,,,,,,,,,,,,画面上方,,,,画面下方,画面左侧,,,,,,,,,,3
小红书参考6.jpg,travel,,,,,,画面右侧,画面下右角,,,画面下方,画面右侧,,,,,,,画面下右角,画面下右角,,,,画面上右角,,,,,画面上左角,,,,,8
小红书参考7.jpg,travel,,,,,,,画面右侧,,画面左侧,,,,,画面上右角,,,,画面中央,画面下方,,,,画面上左角,,,画面右侧,,,,,,,7
小红书参考8.jpg,travel,,,,,,,,,,,,,画面左侧,,,,,画面中央,画面上右角,,,,画面左侧,,画面左侧,,,,,,,,5
小红书参考9.jpg,travel,,,,,,,,,,,,,,,,画面右侧,,画面上方,画面中央,,,,画面下右角,,,,,,,,,,4
行李模拟照片.jpg,travel,画面下方,,,,,,画面下方,,画面中央,画面下方,画面中央,,,,,,,,,,,,,,,,,画面上方,,,,,6
小红书参考4.jpg,travel,,,,,,,,,,,,,,,,,,,,,,,,,,,,,,,,,0
小红书补充1.jpg,school,,,,,,,,,,,画面下方,,画面上右角,画面左侧,,画面左侧,,,,,,,画面上方,,,,,,,,,,5
小红书补充10.jpg,school,画面左侧,,,,,画面中央,,,,画面右侧,画面上方,,,,,画面下方,,,画面下方,,,,画面左侧,,画面上左角,,,,,,,,8
小红书补充11.jpg,travel,,,,,,,,,画面下方,画面右侧,画面上方,,,,,,,,,,,画面右侧,画面左侧,,画面左侧,画面下左角,画面右侧,画面中央,,,,,9
小红书补充12.jpg,travel,,,,,,,,画面上方,画面中央,画面下右角,,,,,,,,,,,,,画面右侧,,画面右侧,,,,,,,,5
小红书补充13.jpg,travel,,,,,画面左侧,,,画面上左角,,,画面下方,,画面上右角,画面左侧,,画面右侧,,画面中央,,,,画面下右角,画面上左角,,画面中央,,,,,,,,10
小红书补充14.jpg,school,,画面上右角,,,,,,,,,,,,,,画面左侧,,画面右侧,,,,画面左侧,,,画面中央,,,,,,画面中央,画面上左角,7
小红书补充15.jpg,school,,,,,,,,画面中央,,画面右侧,,,,,,,,,,,画面中央,画面中央,,,画面上左角,,,,画面中央,,画面下方,,7
小红书补充16.jpg,school,,,,,,画面下左角,,画面下方,,画面左侧,画面下右角,,,,画面上左角,,,,画面中央,,,,,,画面右侧,画面中央,,,画面上右角,,,,9
小红书补充17.jpg,school,,,,,,,画面左侧,画面右侧,,画面中央,,,画面下方,,,,,,画面右侧,,,,,,画面中央,,,,,,画面右侧,画面上左角,8
小红书补充18.jpg,school,,,,,,,,,,画面中央,,,,,,,,画面下左角,,,画面上方,画面下右角,,,画面下方,画面中央,画面右侧,,,,,,7
小红书补充19.jpg,school,,,,,,,,画面左侧,,画面中央,,,,,画面上左角,,,,,,,画面上右角,,,画面右侧,画面左侧,画面上右角,,画面上方,,,,8
小红书补充2.jpg,travel,,,,,,,,,,画面右侧,,,,,,画面中央,,画面中央,,,,,画面上方,,画面中央,,,,,,,,5
小红书补充3.jpg,travel,,画面左侧,,,,,,画面上方,画面下方,,画面上左角,,画面上右角,,,,,,,,,,,,,,画面中央,,,,,,6
小红书补充4.jpg,travel,,,,,画面左侧,,,,,,画面上左角,,画面下左角,画面中央,,,,,,画面左侧,,,,,画面右侧,,,,,,,,6
小红书补充5.jpg,travel,,画面下方,,,,,,,,画面右侧,画面中央,,,画面上右角,,,,画面上右角,,,,,,,,,,,,,,,5
小红书补充6.jpg,travel,画面下右角,画面中央,,,,,,,,,画面右侧,,,画面下左角,,,,画面左侧,,,,,,,画面上右角,,,,,,,,6
小红书补充7.jpg,school,,,,,,,,,,,整张画面,,画面右侧,画面中央,,,,画面中央,,,,,,,,画面下方,,,,画面下左角,,,6
小红书补充8.jpg,school,画面下右角,,,,,,,,,,画面左侧,,画面中央,,,,,,,,,,画面右侧,,,,,,画面左侧,,,,5
小红书补充9.jpg,school,,,,,,,,,,,,,,画面左侧,,画面中央,,,,,画面下方,,画面下方,,画面中央,,,,,,,,5
